p1,p2
13,14
16,17
20,21
21,22
34,35
49,50
50,51
51,52
52,53
68,94
70,71
71,73
73,74
74,80
81,84
84,85
85,86
86,89
87,90
90,98
95,96
107,140
140,141
141,312
312,323
323,324
324,334
334,337
337,340
340,341
341,362
362,363
363,364
364,379
379,395
395,406
406,411
411,412
108,110
110,111
111,112
112,122
122,123
123,124
124,125
125,126
126,129
129,144
144,249
249,250
250,251
251,252
252,253
253,254
254,255
255,256
256,257
257,258
258,259
259,261
261,263
263,275
275,278
278,279
279,282
282,283
283,285
285,286
286,287
287,288
288,289
289,290
290,291
291,292
292,293
293,301
301,302
302,303
303,304
304,342
342,343
343,345
345,356
356,360
360,391
391,396
396,397
397,398
398,399
399,400
400,401
401,402
402,403
113,114
114,115
115,164
164,165
116,117
117,177
177,180
180,183
183,192
192,215
215,216
216,217
217,218
218,219
219,223
118,163
163,184
184,235
235,239
239,240
240,491
491,500
500,501
501,502
119,120
120,127
127,134
134,139
128,132
130,131
131,136
136,137
142,143
147,172
172,175
175,176
176,185
185,229
229,241
148,151
151,152
152,153
153,154
154,155
155,156
156,157
157,195
195,196
196,198
198,199
199,200
200,201
201,202
202,203
203,204
204,209
209,213
213,226
226,228
228,232
232,233
233,234
234,237
237,242
187,188
188,243
193,194
194,236
210,230
247,344
262,264
264,265
265,266
266,267
267,268
268,269
269,281
281,284
284,300
300,308
308,330
330,386
386,387
270,276
276,305
305,306
306,307
307,309
309,314
314,361
271,272
273,274
274,298
298,299
313,317
317,318
318,319
319,320
320,321
321,325
325,326
326,327
327,328
328,332
332,333
333,338
338,339
339,352
352,353
353,357
357,358
358,372
372,376
376,377
377,380
380,381
381,382
382,383
383,384
384,385
315,322
329,354
354,355
355,368
368,369
331,365
365,366
336,346
346,347
348,392
392,393
349,350
370,413
371,408
408,414
374,375
375,378
389,390
405,407
407,409
409,410
415,416
426,427
434,435
435,436
436,437
437,438
438,439
439,440
440,441
441,443
443,444
444,445
445,446
447,448
448,449
451,452
456,457
471,472
472,473
475,476
476,477
477,478
482,483
483,488
488,503
495,496
496,497
498,516
531,530
530,532
532,533
533,534
534,537
537,538
538,539
539,540
540,541
541,542
542,1016
535,536
543,547
544,551
545,546
546,553
553,883
883,884
548,549
549,550
554,555
555,556
556,557
557,558
560,561
562,563
563,564
564,567
567,568
568,569
569,570
565,566
566,571
572,578
578,579
573,574
574,577
636,637
637,639
702,703
705,706
706,707
707,708
708,709
711,712
712,714
716,717
717,718
718,719
719,720
724,725
726,727
731,732
738,739
740,741
741,742
742,1019
743,744
744,750
750,754
754,755
755,756
756,757
745,747
747,748
748,749
749,753
753,777
777,778
778,1022
758,759
759,760
760,761
761,762
762,763
763,764
764,765
765,766
768,769
772,773
790,791
791,792
792,793
802,806
857,858
858,859
863,864
864,865
870,871
871,872
872,873
873,874
874,875
875,876
876,877
878,879
880,881
881,882
886,887
887,888
888,889
1017,1018
1038,1039
1039,1040
1118,1119
1119,1120
1121,1122
1124,1125
1125,1126
1126,1127
1127,1128
1128,1129
1129,1130
1130,1131
1131,1132
1144,1145
1145,1146
1146,1147
1147,1148
1148,1149
1149,1150
1150,1151
1151,1152
1154,1155
1155,1156
1156,1157
1158,1159
1159,1164
1216,1217
1217,1218
1219,1220
1222,1223
1225,1226
1226,1227
1228,1229
1229,1230
1230,1231
1231,1232
1232,1233
1233,1234
1235,1236
1236,1237
1237,1243
1243,1244
1244,1245
1245,1246
1246,1247
1247,1248
1248,1357
1238,1239
1239,1240
1240,1241
1241,1242
1249,1250
1250,1251
1251,1252
1252,1253
1256,1257
1257,1258
1261,1264
1262,1263
1263,1272
1265,1266
1269,1271
1271,1273
1273,1274
1274,1275
1275,1276
1276,1277
1278,1285
1285,1286
1286,1287
1279,1280
1281,1282
1282,1283
1283,1284
1288,1289
1290,1291
1291,1292
1293,1294
1294,1295
1315,1316
1317,1318
1319,1320
1320,1321
1323,1324
1324,1325
1331,1332
1332,1333
1333,1334
1334,1335
1335,1336
1336,1337
1337,1338
1338,1339
1340,1341
1343,1344
1344,1345
1345,1346
1350,1351
1351,1352
1352,1353
1354,1355
1355,1356
1358,1359
1364,1365
1367,1371
1371,1372
1372,1373
1373,1376
1376,1377
1377,1378
1378,1379
1379,1383
1383,1384
1384,1385
1385,1386
1386,1401
1401,1411
1368,1369
1369,1370
1370,1388
1388,1389
1389,1390
1390,1409
1409,1418
1374,1375
1375,1414
1380,1381
1394,1395
1396,1405
1405,1406
1406,1410
1397,1398
1398,1399
1399,1412
1402,1407
1403,1404
1404,1408
1416,1417
1419,1420
1420,1421
1421,1422
1422,1423
1424,1425
1425,1426
1426,1427
1427,1428
1428,1429
1429,1430
1430,1431
1431,1432
1436,1437
1437,1438
1438,1439
1439,1440
1440,1441
1441,1442
1442,1443
1443,1444
1447,1457
1457,1458
1448,1449
1449,1450
1450,1451
1451,1452
1452,1453
1453,1454
1454,1455
1455,1456
1460,1461
1461,1462
1462,1463
1463,1464
1464,1465
1465,1466
1466,1467
1467,1468
1469,1470
1470,1471
1471,1472
1472,1473
1473,1474
1474,1475
1475,1476
1476,1477
1480,1481
1485,1523
1523,1524
1524,1531
1531,1534
1534,1535
1535,1536
1536,1537
1537,1538
1538,1539
1539,1540
1540,1541
1541,1542
1542,1543
1543,1549
1549,1550
1550,1551
1551,1557
1557,1580
1580,1581
1581,1582
1582,1585
1585,1732
1732,1734
1734,1735
1735,1736
1736,1737
1737,1738
1738,1739
1739,1740
1740,1741
1491,1824
1824,1825
1825,1826
1826,1827
1498,1499
1499,1509
1509,1510
1510,1511
1511,1513
1513,1514
1514,1515
1515,1516
1516,1517
1517,1521
1500,1501
1501,1504
1504,1505
1505,1506
1506,1507
1507,1508
1508,1512
1512,1518
1502,1503
1503,1519
1519,1520
1522,1559
1559,1560
1560,1561
1561,1570
1570,1579
1525,1526
1526,1527
1527,1528
1528,1544
1544,1655
1655,1656
1656,1657
1657,1659
1529,1530
1530,1572
1572,1573
1573,1574
1574,1575
1575,1576
1576,1577
1577,1586
1586,1587
1587,1588
1588,1749
1749,1750
1750,1752
1752,1753
1532,1533
1533,1553
1553,1554
1554,1555
1555,1562
1562,1563
1563,1564
1564,1565
1565,1566
1566,1571
1571,1578
1545,1546
1546,1547
1547,1548
1548,1622
1622,1625
1625,1767
1767,1768
1568,1569
1583,1584
1590,1592
1594,1595
1596,1597
1597,1598
1598,1599
1599,1600
1600,1601
1601,1602
1602,1603
1603,1604
1606,1607
1607,1608
1608,1610
1614,1853
1615,1616
1617,1618
1618,1619
1619,1620
1620,1621
1621,1623
1626,1627
1689,1690
1692,1693
1693,1694
1694,1695
1696,1697
1728,1787
1787,1788
1788,1790
1790,1791
1791,1844
1844,1845
1845,1850
1850,1862
1862,1863
1863,1864
1864,1865
1730,1731
1731,1733
1733,1742
1742,1743
1743,1744
1744,1745
1745,1746
1746,1747
1754,1755
1755,1756
1756,1757
1757,1758
1758,1759
1759,1760
1760,1761
1761,1762
1763,1764
1764,1765
1765,1766
1766,1769
1769,1770
1770,1771
1771,1772
1774,1775
1777,1778
1779,1780
1780,1782
1782,1783
1783,1784
1784,1785
1789,1792
1792,1793
1793,1794
1794,1795
1795,1796
1796,1797
1797,1798
1798,1799
1799,1838
1838,1839
1839,1840
1840,1842
1842,1843
1800,1802
1802,1803
1803,1804
1804,1805
1805,1806
1806,1807
1807,1808
1808,1846
1846,1847
1809,1810
1810,1811
1813,1814
1814,1815
1815,1816
1816,1817
1817,1818
1818,1819
1819,1820
1820,1821
1821,1822
1828,1829
1829,1830
1830,1831
1831,1832
1832,1833
1833,1834
1834,1835
1835,1836
1848,1849
1849,1851
1851,1852
1869,1870
1872,1873
1874,1875
1876,1878
1878,1879